City,Country,Temperature F,Humidity,Wind Speed,Cloudiness,Date,Lat,Lng
Bredasdorp,ZA,293.33,73,7.2,32,1553796059,-34.53,20.04
Flinders,AU,289.87,100,2.6,20,1553796607,-34.58,150.85
Ribeira Grande,PT,290.15,48,5.1,40,1553796000,38.52,-28.7
Provideniya,RU,270.928,96,4.56,88,1553796712,64.42,-173.23
New Norfolk,AU,288.41,67,2.1,0,1553796674,-42.78,147.06
Kavieng,PG,301.728,100,5.06,64,1553796712,-2.57,150.8
Hobart,AU,288.41,67,2.1,0,1553796614,-42.88,147.33
Mataura,NZ,276.128,85,1.21,8,1553796713,-46.19,168.86
Ushuaia,AR,283.72,53,8.26,0,1553792400,-54.81,-68.31
Jamestown,AU,283.728,71,1.61,92,1553796714,-33.21,138.6
Lorengau,PG,301.578,97,3.56,64,1553796714,-2.02,147.27
Nagyoroszi,HU,284.78,49,1.5,0,1553796625,48.0,19.09
Talcahuano,CL,289.15,67,3.1,90,1553792400,-36.72,-73.12
Punta Arenas,CL,287.25,54,6.7,75,1553796147,-53.16,-70.91
Kapaa,US,291.85,88,3.6,1,1553796512,22.08,-159.32
Phonhong,LA,295.728,97,1.21,32,1553796716,18.5,102.42
Barrow,AR,298.028,44,7.81,0,1553796716,-38.31,-60.23
Gidole,ET,292.478,82,0.96,32,1553796716,5.65,37.37
Giresun,TR,280.15,65,1.0,75,1553795400,40.91,38.39
Alofi,NU,296.15,94,0.5,88,1553792400,-19.06,-169.92
Hithadhoo,MV,301.778,100,3.21,44,1553796718,-0.6,73.08
Mirnyy,RU,271.378,89,1.31,48,1553796718,56.57,36.46
Rikitea,PF,298.478,100,1.86,48,1553796718,-23.12,-134.97
Arraial do Cabo,BR,301.63,62,3.6,40,1553792400,-22.97,-42.02
Cape Town,ZA,292.37,82,4.1,20,1553796491,-33.93,18.42
Gat,SN,297.15,53,9.3,0,1553794200,14.69,-16.54
Caete,BR,300.48,39,3.6,75,1553792400,-19.88,-43.67
Kijang,KR,283.15,81,1.5,40,1553792400,35.24,129.21
Verkhnevilyuysk,RU,256.628,67,1.06,0,1553796720,63.45,120.31
Kahului,US,293.24,73,2.1,20,1553796274,20.89,-156.47
Hermanus,ZA,292.9,89,1.31,12,1553796059,-34.42,19.24
Coahuayana,MX,303.078,22,1.36,0,1553796721,18.62,-100.35
Busselton,AU,284.44,43,8.01,0,1553796622,-33.64,115.35
Vila Velha,BR,298.66,94,7.2,75,1553796492,-3.71,-38.6
Sinnai,IT,287.39,62,5.1,20,1553796020,39.3,9.2
Humberto de Campos,BR,300.978,96,4.46,76,1553796722,-2.6,-43.46
Ovre Ardal,NO,278.15,93,14.9,75,1553791800,61.32,7.8
Lebu,ET,291.15,52,4.1,40,1553796000,8.96,38.73
Takoradi,GH,302.028,93,3.46,0,1553796724,4.89,-1.75
Faanui,PF,302.228,100,1.51,0,1553796724,-16.48,-151.75
San Cristobal,EC,292.01,46,2.1,75,1553796082,-0.39,-78.55
Tawang,BT,276.378,34,0.56,8,1553796725,27.59,91.87
Sola,NO,280.22,87,5.1,40,1553796603,58.89,5.65
Revelstoke,CA,278.15,66,1.5,1,1553792400,50.99,-118.19
Tabou,CI,302.878,96,5.66,24,1553796726,4.42,-7.36
Coolum Beach,AU,293.71,97,0.45,88,1553796606,-26.53,153.09
Sao Filipe,CV,295.078,95,6.11,0,1553796727,14.9,-24.5
Airai,TL,294.628,92,0.66,64,1553796728,-8.93,125.41
Ponta do Sol,BR,301.078,59,2.11,36,1553796728,-20.63,-46.0
Mar del Plata,AR,293.278,46,4.21,36,1553796626,-46.43,-67.52
Pella,US,282.7,70,4.6,1,1553796632,41.41,-92.92
Antofagasta,CL,294.15,60,6.7,0,1553792400,-23.65,-70.4
Egvekinot,RU,263.628,82,1.06,48,1553796729,66.32,-179.17
The Valley,AI,300.76,65,6.7,20,1553796013,18.22,-63.06
Ostrovnoy,RU,272.228,92,9.91,76,1553796730,68.05,39.51
Xiongzhou,CN,283.81,93,3.0,40,1553796700,32.34,118.83
Avera,US,292.11,39,3.1,1,1553796729,33.19,-82.53
Pangody,RU,271.128,89,7.36,56,1553796731,65.85,74.49
Taoudenni,ML,306.728,21,1.86,88,1553796731,22.68,-3.98
Mahibadhoo,MV,302.278,100,3.16,0,1553796731,3.78,72.97
Altay,CN,261.878,56,0.31,12,1553796732,47.83,88.13
Hilo,US,293.72,77,2.1,1,1553796498,19.71,-155.08
Carnarvon,ZA,296.078,23,5.06,20,1553796488,-30.97,22.13
Atuona,PF,300.978,100,7.06,0,1553796733,-9.8,-139.03
Bluff,AU,294.378,96,4.01,92,1553796733,-23.58,149.07
Obo,CF,299.128,66,3.91,48,1553796733,5.39,26.49
Puerto Ayora,EC,302.2,70,5.1,0,1553796062,-0.74,-90.35
Saint-Philippe,CA,278.54,42,6.7,75,1553796622,45.36,-73.48
Dire,ET,291.15,52,4.1,40,1553796000,9.18,38.92
Krasnomayskiy,RU,270.15,86,1.0,0,1553794200,55.0,82.52
Qaanaaq,GL,254.778,97,2.41,44,1553796735,77.48,-69.36
Hammond,US,295.25,49,5.1,75,1553796728,30.5,-90.46
Avarua,CK,298.15,94,0.5,76,1553794200,-21.21,-159.78
Palafrugell,ES,286.38,44,4.6,0,1553796724,41.92,3.16
Gold Coast,AU,293.52,88,2.6,75,1553796696,-28.0,153.41
Lompoc,US,288.67,67,4.1,1,1553796722,34.64,-120.46
Ukiah,US,281.25,75,4.1,90,1553796573,39.15,-123.21
Nicoya,CR,306.15,38,10.3,0,1553792400,10.15,-85.45
Pimentel,BR,302.478,78,2.51,80,1553796738,-3.7,-45.5
Srednekolymsk,RU,249.628,70,1.41,0,1553796738,67.46,153.71
Victoria,BN,298.91,94,1.0,90,1553794200,5.28,115.24
Guarapari,BR,301.82,66,7.2,40,1553795376,-20.67,-40.5
Ouegoa,NC,298.478,83,3.66,20,1553796739,-20.34,164.44
Nueve de Julio,AR,296.778,57,1.66,0,1553796666,-31.67,-68.39
Darnah,LY,289.178,98,11.76,20,1553796740,32.77,22.64
Kovernino,RU,266.828,84,2.76,8,1553796740,57.13,43.81
Castro,CL,291.15,63,2.6,0,1553792400,-42.48,-73.76
Grand-Lahou,CI,304.128,58,3.91,20,1553796741,5.24,-5.0
Nioaque,BR,306.778,58,3.86,0,1553796570,-21.16,-55.83
Codrington,AU,292.02,93,1.31,40,1553796638,-28.95,153.24
Bilma,NE,301.228,16,2.41,88,1553796742,18.69,12.92
Farah,AF,286.578,91,1.41,24,1553796742,32.37,62.11
Ayr,GB,283.57,66,4.1,20,1553796725,55.46,-4.63
Agadir,MA,293.15,60,9.3,40,1553794200,30.42,-9.58
Tevaitoa,PF,301.978,98,1.16,0,1553796743,-16.78,-151.5
Dikson,RU,267.078,95,8.66,88,1553796743,73.51,80.55
Saskylakh,RU,264.578,70,5.01,12,1553796743,71.97,114.09
Pervoye Maya,KG,279.82,77,6.71,12,1553796596,40.63,73.68
Ewa Beach,US,291.86,88,2.1,1,1553796698,21.32,-158.01
Puerto Baquerizo Moreno,EC,303.15,70,5.1,75,1553792400,-0.9,-89.6
Port Elizabeth,US,285.74,34,3.1,1,1553796732,39.31,-74.98
Upernavik,GL,260.428,100,4.91,68,1553796745,72.79,-56.15
Nikolskoye,RU,277.25,60,2.0,40,1553796636,59.7,30.79
Chokurdakh,RU,261.378,78,7.06,88,1553796746,70.62,147.9
Vaini,IN,294.528,90,1.46,0,1553796746,15.34,74.49
Acapulco,MX,304.15,48,2.1,5,1553793420,16.86,-99.88
Awbari,LY,300.678,27,6.81,24,1553796719,26.59,12.77
Minot,US,276.96,48,6.2,40,1553796639,48.23,-101.3
Yellowknife,CA,272.43,74,7.7,75,1553796725,62.45,-114.38
Ginir,ET,290.128,67,1.61,0,1553796747,7.14,40.71
Kangaatsiaq,GL,261.428,100,5.21,20,1553796748,68.31,-53.46
Chapais,CA,275.15,98,8.2,90,1553792400,49.78,-74.86
Adre,TD,300.078,19,3.86,0,1553796748,13.47,22.2
Darlawn,IN,288.728,88,0.76,0,1553796749,24.02,92.93
Tiksi,RU,261.578,76,9.16,36,1553796749,71.64,128.87
Wadi Maliz,TN,287.15,71,3.1,40,1553792400,36.47,8.55
Vila Praia de Ancora,PT,292.21,32,4.1,0,1553796685,41.81,-8.85
Evanston,US,290.06,51,3.6,75,1553796425,42.04,-87.69
Berlevag,NO,273.71,74,9.3,40,1553795400,70.86,29.09
Besikduzu,TR,279.21,70,4.6,75,1553795400,41.05,39.23
Maniitsoq,GL,264.428,91,3.86,44,1553796751,65.42,-52.9
Enid,US,295.38,68,11.3,75,1553796125,36.4,-97.88
Huarmey,PE,298.678,61,1.86,24,1553796751,-10.07,-78.15
Fredericksburg,US,288.84,44,4.1,1,1553796593,38.3,-77.46
Kloulklubed,PW,299.15,78,2.6,75,1553791800,7.04,134.26
San Patricio,PY,302.878,64,1.41,0,1553796752,-26.98,-56.83
Kirovskiy,RU,258.728,63,0.86,0,1553796752,45.09,133.51
East London,ZA,290.15,88,3.1,0,1553792400,-33.02,27.91
Cherskiy,RU,249.778,70,1.96,36,1553796753,68.75,161.3
Thompson,CA,263.15,47,7.2,75,1553792400,55.74,-97.86
Buarcos,PT,292.74,42,3.1,0,1553796374,40.16,-8.88
Swift Current,CA,275.15,55,4.1,20,1553795340,50.29,-107.8
Nizhniy Baskunchak,RU,277.328,69,6.66,0,1553796754,48.22,46.83
Kaputa,ZM,296.078,76,1.21,20,1553796755,-8.47,29.66
Kruisfontein,ZA,291.728,75,6.36,8,1553796755,-34.0,24.73
Albany,US,282.52,36,8.2,90,1553796726,42.65,-73.75
Doka,SD,300.628,22,4.41,0,1553796756,13.52,35.76
Riverton,US,279.21,52,2.6,1,1553796048,43.02,-108.38
Palmas,BR,303.15,62,3.6,40,1553792400,-10.18,-48.33
Pochutla,MX,303.61,62,5.1,5,1553795213,15.74,-96.47
Boguchany,RU,269.678,70,2.11,88,1553796758,58.38,97.46
Warrnambool,AU,287.04,83,6.36,0,1553796728,-38.38,142.48
Natal,BR,302.64,70,6.7,40,1553792400,-5.81,-35.21
Port Macquarie,AU,288.17,93,0.71,64,1553796604,-31.43,152.91
Urucara,BR,307.578,53,1.76,8,1553796760,-2.54,-57.76
Cartagena,ES,288.15,67,5.1,0,1553796586,37.63,-1.0
Port Moresby,PG,297.15,100,3.1,20,1553792400,-9.47,147.16
Bereda,ES,286.87,42,4.1,0,1553796604,43.27,-7.54
Torbay,CA,274.55,29,5.7,5,1553796461,47.66,-52.73
Hofn,IS,275.15,64,8.2,75,1553792400,64.25,-15.21
Rocha,UY,296.778,59,5.36,0,1553796762,-34.48,-54.34
Vao,EE,276.328,84,4.96,32,1553796762,59.1,26.19
Lumding,IN,291.128,87,0.96,20,1553796763,25.75,93.17
Grand-Santi,GF,308.628,41,1.31,12,1553796763,4.27,-54.38
Mackay,CA,274.15,80,1.0,20,1553792400,53.65,-115.58
Manta,RO,276.878,63,1.46,8,1553796764,45.1,24.1
Abay,KZ,278.15,75,7.0,75,1553794200,49.63,72.87
Luderitz,NA,291.628,79,6.51,0,1553796764,-26.65,15.16
Georgetown,GY,304.79,70,4.1,40,1553792400,6.8,-58.16
Barkot,IN,285.378,84,1.26,0,1553796766,30.81,78.21
Butaritari,KI,300.728,100,3.86,92,1553796766,3.07,172.79
Sinop,TR,280.078,100,5.86,44,1553796767,42.03,35.15
Havre-Saint-Pierre,CA,275.15,59,4.1,40,1553792400,50.23,-63.6
Ancud,CL,291.15,63,2.6,0,1553792400,-41.87,-73.83
Bilibino,RU,255.728,69,1.16,76,1553796768,68.06,166.44
Nova Olinda do Norte,BR,308.278,49,2.56,32,1553796768,-3.89,-59.1
Lososina,RU,265.328,85,4.46,44,1553796769,49.0,140.31
Bethel,US,271.67,100,1.5,90,1553794860,60.79,-161.76
Leshukonskoye,RU,270.228,88,2.71,20,1553796770,64.9,45.76
Bulaevo,KZ,273.778,90,7.76,92,1553796770,54.91,70.44
Traralgon,AU,290.37,47,0.45,80,1553796012,-38.19,146.54
Iqaluit,CA,265.15,78,9.36,90,1553792400,63.75,-68.52
Kavaratti,IN,301.728,100,5.76,24,1553796771,10.57,72.64
South Lake Tahoe,US,277.12,33,3.6,1,1553796624,38.93,-119.98
Cockburn Town,TC,296.728,100,2.31,48,1553796772,21.46,-71.14
Araguaina,BR,299.728,97,2.16,64,1553796604,-7.19,-48.21
Linxia,CN,271.678,48,1.36,36,1553796772,35.6,103.21
Hasaki,JP,279.31,56,4.1,75,1553796278,35.73,140.83
Goianesia,BR,300.528,76,4.81,68,1553796612,-15.32,-49.12
Sandpoint,US,281.31,52,7.2,40,1553796692,48.28,-116.55
Amapa,HN,298.71,57,1.5,75,1553796659,15.09,-87.97
Coihaique,CL,291.09,48,1.31,0,1553792400,-45.58,-72.07
Adrar,DZ,304.15,19,2.1,0,1553792400,27.87,-0.29
Vohibinany,MG,294.078,98,1.01,80,1553796775,-17.35,49.03
Bitung,ID,297.15,94,1.0,40,1553794200,1.44,125.19
Jiazi,CN,297.15,94,2.0,20,1553792400,19.61,110.49
Kodiak,US,287.56,82,3.6,90,1553796723,39.95,-94.76
Pangnirtung,CA,261.15,51,2.6,90,1553792400,66.15,-65.72
Pisco,PE,295.15,30,4.6,0,1553792400,-13.71,-76.2
Entre Rios,BR,302.578,76,4.31,64,1553796777,-11.94,-38.08
Constitucion,MX,296.51,18,2.6,5,1553796617,23.99,-104.67
Talara,PE,290.15,290,3.86,0,1553792400,-4.58,-81.27
Taltal,CL,295.328,66,1.51,0,1553796778,-25.41,-70.49
Santa Isabel,CO,296.44,74,3.1,75,1553792400,4.71,-75.1
Vredefort,ZA,294.528,42,2.81,64,1553796779,-27.0,27.37
Rawson,AR,300.878,28,5.21,0,1553796780,-43.3,-65.11
Prince Rupert,CA,284.15,53,1.06,1,1553792400,54.32,-130.32
Vadso,NO,273.63,86,7.2,75,1553795400,70.07,29.75
Eenhana,NA,304.15,35,1.5,20,1553792400,-17.48,16.34
Dong Hoi,VN,296.778,100,2.51,44,1553796768,17.48,106.6
Neiafu,TO,300.228,100,3.96,88,1553796781,-18.65,-173.98
Tuktoyaktuk,CA,265.15,85,4.6,75,1553792400,69.44,-133.03
Tasiilaq,GL,264.15,56,6.7,5,1553791800,65.61,-37.64
Vanavara,RU,264.578,74,2.21,0,1553796782,60.35,102.28
Oranjestad,AW,303.15,62,8.2,75,1553792400,12.52,-70.03
Kiama,AU,290.29,100,2.6,20,1553796727,-34.67,150.86
Cidreira,BR,297.228,74,7.81,24,1553796783,-30.17,-50.22
Bambous Virieux,MU,299.68,78,3.6,40,1553796545,-20.34,57.76
Tomatlan,MX,303.428,54,1.46,0,1553796783,19.93,-105.25
Cairns,AU,297.76,94,2.6,75,1553796318,-16.92,145.77
Suntar,RU,260.578,62,1.16,48,1553796784,62.16,117.65
Chuy,UY,296.278,77,7.06,0,1553796784,-33.69,-53.46
Esperance,TT,302.99,62,6.2,40,1553796117,10.24,-61.45
Touros,BR,302.15,79,5.7,75,1553792400,-5.2,-35.46
Troitsko-Pechorsk,RU,270.628,88,1.46,36,1553796785,62.71,56.19
Tezu,IN,286.378,71,0.86,0,1553796786,27.93,96.16
Jiayuguan,CN,267.478,59,1.41,0,1553796786,39.77,98.29
Husavik,CA,272.89,50,6.26,8,1553796631,50.56,-96.99
Ewo,CG,301.728,68,1.61,48,1553796787,-0.88,14.81
Diplo,PK,300.378,24,5.66,0,1553796787,24.47,69.59
Nara,JP,279.36,66,6.7,88,1553796698,34.68,135.8
Port Alfred,ZA,293.078,76,5.21,8,1553796788,-33.59,26.89
Fukue,JP,280.7,100,9.3,75,1553796756,35.03,136.69
Cap Malheureux,MU,300.01,78,3.6,40,1553796545,-19.98,57.61
Souillac,FR,288.23,41,6.2,0,1553796708,45.6,-0.6
Kungurtug,RU,259.728,71,1.81,0,1553796789,50.6,97.53
Gigmoto,PH,296.728,100,2.86,0,1553796789,13.78,124.39
Saint-Augustin,FR,289.82,36,5.1,0,1553796618,44.83,-0.61
Ipira,BR,298.828,69,4.76,0,1553796790,-27.41,-51.77
Oytal,KZ,281.678,89,2.56,20,1553796790,42.91,73.27
Sao Felix do Xingu,BR,301.628,81,1.06,64,1553796791,-6.64,-51.99
Mitu,IR,275.478,88,1.61,68,1553796791,36.2,46.09
Parrita,CR,300.65,44,8.7,0,1553796660,9.52,-84.33
Hualmay,PE,298.178,69,1.81,20,1553796792,-11.1,-77.61
Mezen,RU,272.978,82,3.91,64,1553796792,65.85,44.24
Longyearbyen,NO,267.15,73,16.5,40,1553791800,78.22,15.63
Sao Joao da Barra,BR,303.15,51,5.1,40,1553792400,-21.64,-41.05
Meulaboh,ID,299.728,100,0.86,24,1553796793,4.14,96.13
Fallon,US,275.15,64,4.1,90,1553792160,46.84,-105.12
Najran,SA,302.15,32,2.1,40,1553792400,17.54,44.22
Moose Factory,CA,266.15,67,7.7,90,1553792880,51.26,-80.61
San Quintin,PH,291.778,81,0.96,0,1553796795,17.54,120.52
Chalus,IR,285.15,87,2.1,75,1553792400,36.66,51.42
Severo-Kurilsk,RU,271.978,97,8.46,88,1553796796,50.68,156.12
Shimoda,JP,282.93,46,4.1,75,1553796786,34.7,138.93
Kerchevskiy,RU,271.478,85,1.31,76,1553796796,59.95,56.29
Novobirilyussy,RU,265.628,84,1.66,0,1553796797,56.95,90.69
Poum,MK,278.578,53,1.61,48,1553796797,41.28,20.71
Vardo,US,287.56,35,3.1,1,1553796685,39.62,-77.74
Guozhen,CN,282.978,90,1.21,44,1553796797,29.3,113.14
Broome,GB,284.07,66,2.6,20,1553796797,52.47,1.45
Wad Rawah,SD,298.478,17,4.21,0,1553796798,15.16,33.13
Cururupu,BR,300.428,91,3.41,92,1553796799,-1.82,-44.87
Sonqor,IR,281.15,70,4.1,75,1553794200,34.78,47.6
Clyde River,CA,254.15,84,2.6,75,1553792400,70.47,-68.59
Puerto Leguizamo,CO,301.728,79,1.41,88,1553796800,-0.19,-74.78
Comodoro Rivadavia,AR,291.15,55,2.6,0,1553792400,-45.87,-67.48
Fortuna,ES,287.45,67,4.1,20,1553796792,38.18,-1.13
Deming,US,295.24,16,5.1,1,1553796610,32.27,-107.76
San,ML,310.328,20,4.56,24,1553796765,13.3,-4.9
Praia da Vitoria,PT,289.22,72,4.76,20,1553796054,38.73,-27.07
Cabra,ES,290.46,15,1.5,0,1553796801,37.47,-4.43
Lujan,AR,292.378,39,4.71,12,1553796803,-46.57,-67.67
Eidsvag,NO,284.29,61,18.5,0,1553795400,62.78,8.07
Necochea,AR,297.59,44,2.68,0,1553796079,-38.55,-58.74
Sokoto,NG,307.878,17,3.91,0,1553796803,13.06,5.24
Mujiayingzi,CN,266.378,60,2.46,12,1553796506,42.12,118.78
Braganca,BR,301.728,82,3.46,92,1553796804,-1.05,-46.77
Balboa,CO,294.428,96,1.06,88,1553796804,2.04,-77.22
El Cope,PA,309.15,23,4.1,20,1553792400,8.69,-82.32
Qidong,CN,284.82,94,0.89,68,1553796620,31.81,121.66
Aksarka,RU,270.478,87,4.71,8,1553796805,66.56,67.8
Praya,ID,298.15,100,1.91,40,1553794200,-8.71,116.27
Broken Hill,AU,294.15,30,3.1,12,1553792400,-31.97,141.45
Touba,SN,308.878,25,3.71,0,1553796799,14.86,-15.88
Ilulissat,GL,260.15,65,8.7,75,1553791800,69.22,-51.1
Kaitangata,NZ,278.228,74,1.21,8,1553796807,-46.28,169.85
Vila do Maio,CV,299.15,44,6.7,20,1553792400,15.13,-23.22
Naze,NG,301.828,77,2.06,68,1553796808,5.43,7.07
Begoro,GH,301.078,78,0.81,44,1553796808,6.38,-0.38
Sitka,US,293.15,68,5.36,76,1553796005,37.17,-99.65
Nurota,UZ,286.15,82,2.1,24,1553794200,40.56,65.69
Bathsheba,BB,302.15,62,8.7,20,1553792400,13.22,-59.52
Gemena,CD,301.728,63,1.11,48,1553796810,3.25,19.78
Humenne,UA,274.15,80,2.0,40,1553794200,49.19,28.7
San Ramon,NI,293.15,77,4.1,75,1553792400,12.92,-85.84
Pembroke,CA,281.6,61,2.6,90,1553796003,45.82,-77.11
Auki,NG,306.078,17,3.51,0,1553796811,12.18,6.51
Seydi,NE,306.478,17,3.36,8,1553796812,13.34,7.75
Padang,ID,301.678,100,2.71,44,1553796812,-0.92,100.36
Mopipi,BW,301.578,35,4.11,0,1553796813,-21.2,24.86
Guerrero Negro,MX,292.128,69,4.41,0,1553796813,27.97,-114.04
Yeppoon,AU,296.15,88,3.6,90,1553794500,-23.13,150.74
Dukat,RS,282.04,38,4.47,0,1553796645,42.44,22.31
Ranikhet,IN,289.128,75,1.26,0,1553796814,29.65,79.42
Kangavar,IR,277.15,64,2.1,40,1553792400,34.5,47.96
Tabasalu,EE,280.35,73,6.2,0,1553796788,59.43,24.54
Xining,CN,271.628,37,2.41,0,1553796815,36.62,101.77
Homer,US,276.5,80,2.1,40,1553796555,59.64,-151.54
Ahipara,NZ,289.778,100,3.11,64,1553796816,-35.17,173.16
Beringovskiy,RU,263.278,72,2.66,20,1553796817,63.05,179.32
Barranca,PE,294.278,94,3.11,68,1553796817,-10.75,-77.76
Quezaltepeque,SV,305.49,35,4.6,0,1553791800,13.83,-89.27
Lavrentiya,RU,271.878,96,7.81,88,1553796818,65.58,-170.99
Riyadh,SA,297.15,15,4.6,0,1553792400,24.63,46.72
Cabo San Lucas,MX,300.32,31,2.6,5,1553796644,22.89,-109.91
Port Keats,AU,298.428,92,1.31,0,1553796819,-14.25,129.55
Maningrida,AU,299.978,90,4.76,76,1553796819,-12.05,134.23
Una,BR,302.73,79,5.1,75,1553792400,-15.29,-39.07
Talnakh,RU,267.078,86,5.71,80,1553796820,69.49,88.39
Aklavik,CA,271.61,92,1.86,75,1553792400,68.22,-135.01
Luwuk,ID,297.878,100,1.21,36,1553796821,-0.95,122.79
Itarema,BR,298.678,100,2.86,92,1553796821,-2.92,-39.92
Viransehir,TR,282.378,92,1.16,56,1553796821,37.24,39.76
Porto Novo,BR,299.15,65,7.7,75,1553792400,-23.68,-45.44
Berkak,NO,282.59,52,0.45,24,1553796617,62.83,10.01
Tura,IN,291.628,82,1.21,0,1553796822,25.52,90.21
Lata,IN,281.178,85,1.21,0,1553796823,30.78,78.62
San Fernando,CL,291.15,63,1.5,40,1553792400,-34.58,-70.99
Samarai,PG,301.078,100,6.31,20,1553796824,-10.62,150.67
Hovd,NO,282.91,66,16.5,75,1553796664,63.83,10.7
Kumla,SE,284.12,58,4.6,0,1553796735,59.13,15.14
Norman Wells,CA,273.15,94,1.61,75,1553792400,65.28,-126.83
Kerman,IR,288.15,12,5.1,20,1553792400,30.29,57.06
Zelenogorskiy,RU,272.15,68,1.36,0,1553794200,55.03,87.0
Leningradskiy,RU,259.928,88,8.21,56,1553796825,69.38,178.42
Zhigansk,RU,253.578,63,1.16,0,1553796725,66.77,123.37
Nuuk,GL,268.96,53,5.7,75,1553796720,64.17,-51.74
Chaman,AF,285.678,72,3.31,68,1553796826,30.92,66.46
San Nicolas,HN,296.228,64,1.21,76,1553796827,14.94,-88.33
Inirida,CO,300.128,82,1.66,68,1553796828,3.87,-67.92
Komsomolskiy,RU,269.628,84,5.61,68,1553796828,67.55,63.78
Haines Junction,CA,269.978,80,0.96,32,1553796829,60.75,-137.51
Skelleftea,SE,281.31,65,4.6,0,1553796486,64.75,20.95
Dalvik,SE,281.8,71,4.1,20,1553796604,57.79,14.13
Kirakira,SB,300.128,100,2.66,68,1553796830,-10.46,161.92
Uchiza,PE,296.728,84,1.61,92,1553796830,-8.46,-76.46
Sisimiut,GL,262.378,87,1.11,56,1553796831,66.94,-53.67
Murray Bridge,AU,292.77,48,0.89,92,1553796766,-35.12,139.28
Pondicherry,ZA,292.45,82,4.1,20,1553796793,-34.04,18.35
Farmington,US,288.11,21,1.96,1,1553796682,36.73,-108.21
Itaituba,BR,305.15,66,2.11,20,1553792400,-4.26,-55.99
Batagay,RU,245.178,26,1.26,0,1553796833,67.65,134.64
Roald,NO,282.36,71,14.9,75,1553796603,62.58,6.12
Grindavik,IS,273.73,100,10.8,40,1553795983,63.84,-22.43
Vostok,RU,258.578,69,0.96,32,1553796834,46.45,135.83
Ketchikan,US,280.85,75,2.6,1,1553792160,55.34,-131.65
Khatanga,RU,265.128,87,6.16,68,1553796835,71.98,102.47
Sydney,AU,288.7,93,1.96,12,1553796730,-33.85,151.22
Paita,PE,290.15,290,3.86,0,1553792400,-5.09,-81.11
Mahanoro,MG,296.728,98,1.61,92,1553796836,-19.9,48.8
Brae,GB,282.15,87,15.9,75,1553795400,60.4,-1.35
Nemuro,JP,271.378,100,11.96,20,1553796836,43.32,145.57
Nabire,ID,293.078,93,0.91,8,1553796837,-3.36,135.5
Petropavlovsk-Kamchatskiy,RU,272.15,50,11.0,92,1553792400,53.05,158.65
Ucluelet,CA,285.7,66,2.6,20,1553796326,48.94,-125.55
Tessalit,ML,306.828,14,1.26,0,1553796838,20.2,1.01
Banda Aceh,ID,297.228,99,0.96,24,1553796547,5.56,95.32
Taicheng,CN,295.93,92,2.68,12,1553796629,22.25,112.8
Svetlogorsk,RU,273.15,96,7.0,90,1553794200,53.14,59.15
Mtambile,TZ,300.728,100,1.81,0,1553796839,-5.38,39.7
Port Hardy,CA,280.15,81,1.5,40,1553792400,50.7,-127.42
Chumikan,RU,261.478,84,1.71,44,1553796728,54.72,135.31
Paamiut,GL,270.728,100,2.06,80,1553796841,61.99,-49.67
Diego de Almagro,CL,296.478,69,1.61,8,1553796841,-26.39,-70.05
Xuddur,SO,299.778,38,3.31,8,1553796841,4.12,43.89
Dar es Salaam,TZ,302.15,83,2.1,75,1553792400,-6.81,39.28
Sept-Iles,CA,274.76,59,4.6,90,1553796512,50.2,-66.38
Madera,US,287.66,51,2.1,1,1553796556,36.96,-120.06
Eskisehir,TR,278.45,52,7.7,40,1553791800,39.78,30.52
Yumbel,CL,288.24,87,1.0,90,1553792400,-37.1,-72.56
Piraju,BR,302.078,54,6.31,32,1553796843,-23.19,-49.38
Saint-Andre-Avellin,CA,279.9,48,5.7,90,1553796654,45.72,-75.07
Ninotsminda,GE,273.15,84,2.1,20,1553794200,41.27,43.59
Marsaxlokk,MT,286.79,76,5.7,20,1553796607,35.84,14.54
Fort Nelson,CA,275.15,64,1.0,20,1553792400,58.81,-122.69
Pak Phanang,TH,301.128,100,3.11,20,1553796845,8.35,100.2
Waterloo,CA,281.39,81,6.7,90,1553796491,43.47,-80.52
Monrovia,LR,305.15,55,4.1,20,1553792400,6.33,-10.8
Walvis Bay,NA,294.35,44,2.6,0,1553796129,-22.95,14.51
Geraldton,CA,270.15,49,7.2,40,1553792400,49.72,-86.95
Naryan-Mar,RU,271.428,92,5.71,68,1553796774,67.67,53.09
Qandala,SO,294.478,95,1.06,0,1553796848,11.47,49.87
Bayeux,FR,283.27,71,3.1,90,1553796006,49.28,-0.7
Magadan,RU,263.378,100,5.16,0,1553796848,59.56,150.8
Weiden,DE,284.6,54,4.1,0,1553796727,49.81,7.3
Nantucket,US,279.97,70,7.2,1,1553796797,41.28,-70.1
Mahebourg,MU,299.92,78,3.6,40,1553796845,-20.41,57.7
Muroto,JP,281.528,100,4.41,64,1553796849,33.37,134.14
Rioja,PE,293.828,86,2.76,68,1553796850,-6.06,-77.17
Gobabis,NA,290.978,87,1.06,32,1553796850,-22.45,18.97
Poso,ID,296.478,100,1.51,88,1553796851,-1.4,120.75
Anito,PH,298.978,100,4.11,80,1553796852,12.45,125.29
Nome,US,295.42,53,5.1,75,1553796812,30.04,-94.42
Tuy Hoa,VN,297.328,98,1.96,8,1553796747,13.08,109.3
Namatanai,PG,300.178,100,4.06,68,1553796852,-3.66,152.44
Charlestown,US,281.46,70,6.7,1,1553796661,41.38,-71.64
Kyabe,TD,304.678,19,3.56,0,1553796853,9.45,18.94
Santa Catalina,PH,296.828,81,1.66,0,1553796854,9.33,122.86
Rapid Valley,US,276.34,93,2.1,90,1553796605,44.06,-103.15
Rock Sound,BS,295.478,100,0.96,92,1553796426,24.9,-76.2
Klaksvik,FO,280.15,93,5.1,92,1553795400,62.23,-6.59
Hit,IQ,288.128,56,1.86,36,1553796855,33.64,42.83
Sibolga,ID,294.378,100,0.76,32,1553796847,1.74,98.78
Henties Bay,NA,291.48,87,1.34,56,1553796129,-22.12,14.28
Frederico Westphalen,BR,301.48,99,2.66,12,1553796654,-27.36,-53.4
Plettenberg Bay,ZA,292.578,94,4.61,8,1553796838,-34.05,23.37
Hobyo,SO,299.528,91,5.16,76,1553796857,5.35,48.53
Sinnamary,GF,300.728,90,5.11,76,1553796857,5.38,-52.96
Calvinia,ZA,294.878,35,2.51,0,1553796857,-31.47,19.78
Sao Francisco,BR,303.65,58,1.5,20,1553792400,-25.65,-53.85
Sao Joao de Pirabas,BR,300.728,98,5.46,80,1553796790,-0.77,-47.18
Libertador General San Martin,AR,291.478,90,1.46,48,1553796723,-23.81,-64.79
Miraflores,CO,290.978,76,0.86,56,1553796859,5.2,-73.14
Erenhot,CN,271.578,63,4.21,80,1553796859,43.65,111.97
Rome,IT,285.98,58,3.1,0,1553796664,41.89,12.48
Mbanza-Ngungu,CD,299.578,79,1.06,64,1553796860,-5.25,14.87
Porbandar,IN,298.278,64,6.56,0,1553796860,21.64,69.61
Lodja,CD,299.428,84,1.11,12,1553796861,-3.52,23.6
Markova,RU,269.63,86,4.0,90,1553796322,52.21,104.21
Garowe,SO,300.378,39,5.91,0,1553796862,8.41,48.48
Hambantota,LK,300.728,100,1.61,20,1553796862,6.12,81.12
Gornopravdinsk,RU,274.528,91,2.81,56,1553796862,60.06,69.92
La Ronge,CA,274.15,59,4.1,90,1553792400,55.1,-105.3
Freeport,BS,298.15,65,10.3,40,1553792400,26.54,-78.7
Amga,RU,254.628,67,1.06,24,1553796863,60.89,131.98
Ngunguru,NZ,292.04,93,5.46,88,1553796485,-35.62,174.5
Marzuq,YE,290.278,65,1.66,0,1553796864,14.4,46.47
Verkhoyansk,RU,245.378,50,1.16,0,1553796864,67.55,133.39
Ambilobe,MG,295.878,97,1.86,64,1553796864,-13.19,49.05
Fatehpur,PK,299.128,57,3.26,32,1553796865,31.18,71.21
Narsaq,GL,268.15,38,3.6,20,1553795400,60.91,-46.05
Raudeberg,NO,282.85,87,11.8,75,1553796603,61.99,5.14
Osypenko,UA,273.15,64,3.0,0,1553794200,48.04,34.39
Labuhan,ID,295.478,96,0.96,88,1553796866,-2.54,115.51
Bang Krathum,TH,296.128,93,1.36,12,1553796866,16.58,100.3
Dingle,PH,295.478,94,3.01,20,1553796867,11.0,122.67
Alekseyevka,RU,273.15,97,5.0,90,1553794200,53.25,50.49
Lugovoy,RU,272.878,89,3.46,48,1553796868,59.72,65.88
Vikhorevka,RU,269.98,58,3.0,88,1553796747,56.12,101.17
Campeche,MX,300.15,42,5.1,5,1553791500,19.84,-90.54
Santa Pola,ES,287.82,67,4.1,20,1553796862,38.19,-0.56
Toamasina,MG,300.15,88,2.1,40,1553793840,-18.17,49.38
Saint-Louis,CH,284.11,63,4.1,0,1553796587,47.59,7.56
Tuatapere,NZ,281.728,100,2.21,8,1553796870,-46.13,167.69
Monastyrshchina,RU,274.378,55,3.86,76,1553796870,54.35,31.84
Saldanha,PT,290.828,24,2.36,0,1553796871,41.42,-6.55
Bangkalan,ID,297.15,100,1.5,40,1553792400,-7.05,112.74
Kayerkan,RU,267.578,92,6.91,80,1553796872,69.35,87.76
Arman,RU,260.628,66,3.86,0,1553796872,59.7,150.17
Nouadhibou,MR,294.15,68,8.7,0,1553792400,20.93,-17.03
Yulara,AU,290.15,21,2.1,0,1553792400,-25.24,130.99
Manono,CD,295.478,89,2.96,44,1553796873,-7.3,27.4
Celestun,MX,297.728,98,5.71,0,1553796873,20.87,-90.4
Hinton,CA,274.578,64,1.06,0,1553796627,53.4,-117.57
Huanren,CN,265.078,69,0.61,0,1553796874,41.26,125.37
Kisangani,CD,301.578,65,1.31,20,1553796874,0.52,25.21
Atar,MR,306.578,14,5.11,24,1553796874,20.52,-13.05
Katsuura,JP,281.8,70,4.1,75,1553796269,33.93,134.5
Bonthe,SL,303.878,61,3.16,0,1553796875,7.53,-12.5
Lagunas,PE,299.728,88,1.31,80,1553796876,-5.23,-75.68
Tarauaca,BR,301.428,78,2.86,64,1553796680,-8.16,-70.77
Biak,ID,297.878,100,1.21,36,1553796876,-0.91,122.88
Caravelas,BR,300.128,100,8.71,36,1553796877,-17.73,-39.27
Turka,UA,277.59,82,1.31,92,1553796507,49.16,23.03
Villa Carlos Paz,AR,293.93,68,4.6,75,1553796063,-31.42,-64.5
Knysna,ZA,293.15,77,1.5,0,1553792400,-34.04,23.05
Margate,AU,288.41,67,2.1,0,1553796854,-43.03,147.26
Mont-de-Marsan,FR,288.04,36,3.6,0,1553796788,43.89,-0.5
Tilichiki,RU,256.578,85,3.26,0,1553796879,60.47,166.1
Yar-Sale,RU,269.478,77,5.21,8,1553796879,66.83,70.83
Portland,US,282.02,76,2.1,75,1553796866,45.52,-122.67
Arrifes,PT,286.88,72,8.7,20,1553796864,37.77,-25.7
Mopti,ML,310.028,26,1.46,64,1553796880,14.49,-4.19
Mandali,IQ,285.728,85,1.61,68,1553796881,33.75,45.55
El Alto,BO,285.15,58,3.6,40,1553792400,-16.5,-68.19
Vyazemskiy,RU,261.478,63,1.06,64,1553796881,47.53,134.76
Warri,NG,299.578,89,2.96,56,1553796882,5.52,5.75
Tual,ID,301.028,100,6.91,56,1553796882,-5.67,132.75
Portage,US,289.73,54,4.6,75,1553796554,41.58,-87.18
Sistranda,NO,282.59,66,16.5,75,1553796873,63.73,8.83
Ust-Omchug,RU,249.378,49,1.81,0,1553796883,61.13,149.63
Luanda,AO,302.15,79,6.2,20,1553792400,-8.83,13.24
Yumen,CN,271.128,54,2.36,0,1553796884,40.29,97.04
Port Shepstone,ZA,297.078,76,6.26,12,1553796884,-30.74,30.45
Katobu,ID,300.278,100,2.76,48,1553796885,-4.94,122.53
Ugoofaaru,MV,301.978,100,1.81,0,1553796885,5.67,73.0
Axim,GH,302.278,93,4.41,0,1553796886,4.87,-2.24
Otukpo,NG,307.478,42,1.81,0,1553796886,7.19,8.13
Mount Isa,AU,295.15,88,2.6,90,1553794200,-20.73,139.49
Zimmi,SL,305.278,53,2.96,0,1553796887,7.31,-11.31
Bubaque,GW,303.878,75,4.41,0,1553796888,11.28,-15.83
Santa Maria,BR,300.15,57,7.7,75,1553792400,-29.69,-53.81
Athabasca,CA,278.478,76,3.51,0,1553796890,54.72,-113.29
Hay River,CA,276.15,74,6.7,75,1553792400,60.82,-115.79
Guhagar,IN,297.778,96,1.16,0,1553796656,17.48,73.19
Payson,US,284.54,28,4.1,75,1553796888,40.04,-111.73
Gorontalo,ID,295.228,93,0.86,8,1553796892,0.54,123.06
Abu Dhabi,AE,295.15,83,3.1,0,1553792400,24.47,54.37
Pevek,RU,253.628,87,4.11,48,1553796892,69.7,170.27
Benjamin Constant,BR,299.66,83,2.1,75,1553792400,-4.38,-70.03
Dunedin,NZ,285.37,84,4.47,0,1553796678,-45.87,170.5
Puerto Carreno,CO,309.15,44,2.51,20,1553792400,6.19,-67.49
Tanout,NE,306.478,9,5.36,56,1553796894,14.97,8.88
Saint George,GR,283.54,61,2.1,75,1553796799,39.45,22.34
Kota Kinabalu,MY,298.15,94,1.5,75,1553796616,5.98,116.07
Menomonie,US,281.36,56,3.1,1,1553796813,44.88,-91.92
Barda,RU,273.628,82,2.26,64,1553796895,56.93,55.59
Ranong,TH,301.128,100,1.06,76,1553796895,9.96,98.62
Camopi,GF,302.028,74,2.16,64,1553796896,3.17,-52.33
Novorudnyy,RU,274.15,95,7.0,90,1553792400,51.5,58.19
Nova Vicosa,BR,301.078,80,7.86,76,1553796896,-17.89,-39.37
Erdenet,MN,264.228,67,0.16,64,1553796897,49.03,104.04
Roswell,US,296.86,29,0.66,1,1553796698,33.39,-104.52
Spearfish,US,276.66,63,6.7,40,1553796877,44.49,-103.86
Hanzhong,CN,278.078,76,1.01,12,1553796898,33.08,107.03
Aksu,KZ,274.15,80,6.0,0,1553794200,52.04,76.93
Cermik,TR,279.15,93,1.5,75,1553795400,38.14,39.45
Nanortalik,GL,271.128,100,10.76,80,1553796899,60.14,-45.24
Macheng,CN,284.378,92,1.06,88,1553796900,31.18,115.03
Belaya Gora,RU,247.878,41,1.96,20,1553796900,68.54,146.19
Boa Vista,BR,309.15,37,3.6,75,1553796000,2.82,-60.67
Half Moon Bay,US,287.6,63,4.1,75,1553796888,37.46,-122.43
Sarkand,KZ,284.378,79,1.86,92,1553796902,45.41,79.91
Banting,MY,299.38,83,1.5,75,1553796432,2.82,101.5
Moron,VE,302.528,70,1.26,12,1553796903,10.49,-68.2
Port Augusta,AU,293.53,26,3.6,92,1553796825,-32.49,137.76
Cleveland,US,284.41,35,8.7,90,1553796808,41.51,-81.69
Marmora,IT,280.35,42,1.5,0,1553796817,44.46,7.09
Mosina,PL,282.3,70,2.1,75,1553796903,52.25,16.85
Nassau,DE,281.25,100,1.0,75,1553796643,51.17,13.51
Pag,HR,286.15,28,4.6,0,1553796000,44.45,15.06
Kolondieba,ML,306.578,40,2.41,24,1553796906,11.09,-6.89
Fairbanks,US,273.03,86,2.21,90,1553796650,64.84,-147.72
Viedma,AR,300.078,44,8.61,0,1553796907,-40.81,-62.99
Languyan,FR,285.22,58,4.1,0,1553796902,48.3,-3.83
Lagoa,PT,290.64,55,5.7,0,1553796729,37.14,-8.45
Manicore,BR,302.028,76,1.51,56,1553796908,-5.81,-61.3
Mokokchung,IN,283.378,88,0.46,0,1553796908,26.32,94.52
Dalnerechensk,RU,261.128,66,1.76,0,1553796909,45.93,133.72
Enshi,CN,277.978,82,0.91,24,1553796909,30.29,109.48
Ordynskoye,RU,268.028,81,4.66,0,1553796910,54.37,81.9
Canakkale,TR,281.84,52,10.3,0,1553795400,40.15,26.41
Jalu,LY,291.678,93,5.86,92,1553796910,29.03,21.55
Beloha,MG,297.478,67,7.06,36,1553796910,-25.17,45.06
Bouloupari,NC,295.15,83,0.5,20,1553794200,-21.87,166.05
Almaznyy,RU,277.15,55,3.0,0,1553794200,48.03,40.04
Raahe,FI,278.88,65,8.2,36,1553796563,64.68,24.47
Pahrump,US,289.92,41,9.3,1,1553796755,36.21,-115.98
Yokadouma,CM,300.078,80,0.91,8,1553796912,3.52,15.05
Isangel,VU,299.978,100,5.91,76,1553796912,-19.55,169.27
Novi Pazar,RS,276.978,54,2.36,0,1553796913,43.14,20.51
Nago,IT,282.13,37,1.5,0,1553796903,45.88,10.89
Ulaangom,MN,256.628,54,0.86,0,1553796913,49.98,92.07
Kamaishi,JP,272.278,66,3.01,0,1553796914,39.28,141.86
Khurda,IN,300.15,94,2.1,0,1553794200,20.18,85.62
Joplin,US,292.35,45,7.7,90,1553796907,37.08,-94.51
Buala,SB,299.578,95,2.16,20,1553796915,-8.15,159.59
Gedo,ET,287.478,96,0.86,48,1553796915,9.01,37.45
Dickinson,US,276.23,64,3.6,90,1553796749,46.88,-102.79
Port Blair,IN,301.728,100,1.51,44,1553796916,11.67,92.75
Marsh Harbour,BS,294.228,100,12.76,80,1553796916,26.54,-77.06
